City_ID,City,Lat,Lng,Max Temp,Humidity,Cloudiness,Wind Speed,Country,Date
0,saint croix,17.7397,-64.7388,301.4,79,40,9.26,VI,1702323896
1,upington,-28.4478,21.2561,300.36,17,0,2.57,ZA,1702323897
2,el fasher,13.6279,25.3494,297.12,14,100,6.75,SD,1702323897
3,tofol,5.3248,163.0078,300.84,82,100,6.24,FM,1702323732
4,reggane,26.7158,0.1714,292.16,30,12,5.16,DZ,1702323897
5,ar ruways,24.1103,52.7306,295.04,65,68,1.62,AE,1702323897
6,qaqortoq,60.7167,-46.0333,271.19,96,100,6.64,GL,1702323897
7,carnarvon,-24.8667,113.6333,296.96,58,0,3.26,AU,1702323897
8,lebu,-37.6167,-73.65,288.93,68,100,4.07,CL,1702323897
9,tashtyp,52.7939,89.8983,244.83,99,100,0.57,RU,1702323898
10,ust-nera,64.5667,143.2,253.89,98,100,3.61,RU,1702323898
11,yellowknife,62.456,-114.3525,250.44,84,20,2.06,CA,1702323898
12,punta arenas,-53.15,-70.9167,285.21,47,75,8.75,CL,1702323898
13,waitangi,-43.9535,-176.5597,287.49,88,100,3.13,NZ,1702323898
14,port-aux-francais,-49.35,70.2167,278.62,96,98,8.67,TF,1702323898
15,bredasdorp,-34.5322,20.0403,290.54,71,5,2.24,ZA,1702323899
16,nova sintra,14.8667,-24.7167,296.4,65,22,7.93,CV,1702323899
17,grytviken,-54.2811,-36.5092,277.11,74,54,5.78,GS,1702323899
18,hawaiian paradise park,19.5933,-154.9731,298.65,95,100,3.6,US,1702323899
19,port elizabeth,-33.918,25.5701,292.09,86,0,0.51,ZA,1702323600
20,baotou,40.6522,109.8222,269.5,52,1,3.77,CN,1702323899
21,stanley,54.868,-1.6985,275.24,100,0,1.54,GB,1702323714
22,karasburg,-28.0167,18.75,295.89,26,0,7.21,NA,1702323900
23,thompson,55.7435,-97.8558,263.24,79,100,8.23,CA,1702323699
24,yermentau,51.6214,73.1069,245.94,97,100,5.11,KZ,1702323900
25,rio grande,-32.035,-52.0986,300.21,77,12,6.39,BR,1702323900
26,hermanus,-34.4187,19.2345,290.93,78,32,2.01,ZA,1702323900
27,ilulissat,69.2167,-51.1,276.16,60,75,8.23,GL,1702323900
28,blackmans bay,-43.0167,147.3167,282.89,93,20,0.81,AU,1702323901
29,jamestown,42.097,-79.2353,273.46,88,100,7.2,US,1702323677
30,laojunmiao,39.8333,97.7333,273.93,14,16,4.21,CN,1702323901
31,east london,-33.0153,27.9116,293.49,83,79,3.08,ZA,1702323901
32,des moines,41.6005,-93.6091,278.45,60,0,0.0,US,1702323749
33,margaret river,-33.95,115.0667,287.87,70,0,3.79,AU,1702323697
34,chonchi,-42.6128,-73.8092,288.77,97,100,1.45,CL,1702323902
35,edinburgh of the seven seas,-37.0676,-12.3116,286.81,86,100,9.15,SH,1702323694
36,invercargill,-46.4,168.35,281.89,72,68,8.51,NZ,1702323705
37,hadibu,12.65,54.0333,297.86,67,44,4.44,YE,1702323902
38,cuprija,43.9275,21.37,279.59,75,98,1.53,RS,1702323903
39,ola,59.5833,151.2833,265.38,91,100,4.77,RU,1702323708
40,rajpur,22.3,74.35,292.99,50,99,1.69,IN,1702323903
41,new norfolk,-42.7826,147.0587,283.55,80,92,0.72,AU,1702323903
42,wailua homesteads,22.0669,-159.378,298.59,88,75,3.09,US,1702323703
43,iqaluit,63.7506,-68.5145,257.0,72,75,6.69,CA,1702323903
44,san mariano,7.5,126.0,293.84,92,100,1.44,PH,1702323904
45,colonia,50.9333,6.95,283.64,85,75,4.12,DE,1702323904
46,georgetown,5.4112,100.3354,300.11,92,20,0.0,MY,1702323904
47,katsuura,35.1333,140.3,287.16,86,100,9.58,JP,1702323904
48,weno,7.4515,151.8468,299.12,89,100,4.63,FM,1702323905
49,bilibino,68.0546,166.4372,253.97,94,100,1.55,RU,1702323905
50,chibougamau,49.9168,-74.3659,264.94,79,100,4.63,CA,1702323905
51,college,64.8569,-147.8028,265.12,73,75,3.6,US,1702323719
52,tralee,52.2704,-9.7026,281.4,93,100,2.76,IE,1702323906
53,as samawah,31.332,45.2944,294.81,30,100,3.46,IQ,1702323906
54,sisimiut,66.9395,-53.6735,273.08,82,100,13.48,GL,1702323906
55,st. john's,47.5649,-52.7093,284.9,97,100,8.75,CA,1702323823
56,vadso,70.0744,29.7487,263.64,90,61,4.72,NO,1702323701
57,nemuro,43.3236,145.575,274.31,68,100,4.48,JP,1702323706
58,sirte,31.2089,16.5887,291.61,63,0,6.94,LY,1702323907
59,bom jesus,-9.0744,-44.3586,305.8,37,92,4.43,BR,1702323907
60,papatowai,-46.5619,169.4708,281.92,70,54,8.9,NZ,1702323907
61,puerto natales,-51.7236,-72.4875,286.4,44,75,10.29,CL,1702323908
62,adamstown,-25.066,-130.1015,294.7,61,1,2.48,PN,1702323908
63,albany,42.6001,-73.9662,277.92,73,11,6.26,US,1702323868
64,ushuaia,-54.8,-68.3,284.96,40,0,2.57,AR,1702323908
65,bethel,41.3712,-73.414,279.2,69,100,5.66,US,1702323706
66,happy valley-goose bay,53.3168,-60.3315,274.32,80,100,4.12,CA,1702323908
67,al jawf,29.5,38.75,290.26,81,100,3.52,SA,1702323909
68,cabo san lucas,22.8909,-109.9124,301.76,58,0,3.09,MX,1702323909
69,sur,22.5667,59.5289,297.14,60,50,2.95,OM,1702323909
70,crane,31.3974,-102.3501,289.42,14,10,1.55,US,1702323909
71,afaahiti,-17.75,-149.2833,301.08,80,92,10.02,PF,1702323910
72,whitehorse,60.7161,-135.0538,270.58,80,75,8.23,CA,1702323910
73,deoli,25.75,75.3833,289.34,49,0,1.63,IN,1702323910
74,longyearbyen,78.2186,15.6401,267.06,68,75,5.66,SJ,1702323910
75,kirakira,-10.4544,161.9205,299.44,85,60,1.9,SB,1702323910
76,polyarnyy,69.1989,33.4478,260.08,91,94,7.61,RU,1702323910
77,pacocha,-17.5833,-71.3333,296.23,69,0,5.14,PE,1702323910
78,udachny,66.4167,112.4,247.84,97,100,4.5,RU,1702323695
79,san antonio de pale,-1.4014,5.6325,298.22,88,100,2.15,GQ,1702323911
80,tolanaro,-25.0319,46.9987,299.19,94,20,7.2,MG,1702323911
81,tomakivka,47.8157,34.7414,276.82,99,100,1.78,UA,1702323911
82,egilsstadir,65.2653,-14.3948,268.1,80,0,2.06,IS,1702323911
83,yuzhno-kurilsk,44.0306,145.8556,273.91,76,100,2.06,RU,1702323911
84,broken hill,-31.95,141.4333,295.15,54,43,3.89,AU,1702323912
85,bratske,47.865,31.5731,277.26,99,100,2.92,UA,1702323912
86,fort st. john,56.2499,-120.8529,268.09,74,75,5.14,CA,1702323912
87,saint marys,30.7305,-81.5465,289.3,49,0,2.57,US,1702323762
88,revda,56.801,59.9303,240.06,98,91,1.44,RU,1702323912
89,klyuchi,52.2667,79.1667,249.28,87,17,6.0,RU,1702323699
90,saint-philippe,-21.3585,55.7679,297.92,81,68,4.66,RE,1702323913
91,mao,39.8885,4.2658,285.46,94,0,2.06,ES,1702323913
92,concepcion del oro,24.6333,-101.4167,287.42,48,100,0.96,MX,1702323913
93,la'ie,21.6477,-157.9253,301.13,82,19,2.68,US,1702323732
94,loreto,22.2667,-101.9667,286.29,67,100,6.06,MX,1702323910
95,mil'kovo,55.6078,37.7956,266.67,93,100,7.02,RU,1702323913
96,chapeco,-27.0964,-52.6183,301.01,61,20,2.57,BR,1702323881
97,letlhakeng,-24.0944,25.0298,299.95,32,97,2.27,BW,1702323914
98,talnakh,69.4865,88.3972,246.44,98,100,4.47,RU,1702323914
99,susuman,62.7833,148.1667,251.47,96,100,2.24,RU,1702323914
100,kozhevnikovo,56.2589,83.9714,243.31,93,9,4.0,RU,1702323914
101,yelwa,8.8333,9.6333,298.69,19,7,3.55,NG,1702323915
102,gobabis,-22.45,18.9667,299.51,12,4,6.75,NA,1702323915
103,az zulfi,26.2995,44.8154,292.37,23,47,3.86,SA,1702323915
104,chernyshevskiy,63.0128,112.4714,240.98,99,100,1.12,RU,1702323915
105,arno,60.1167,18.6333,271.92,86,100,5.35,SE,1702323915
106,tanquian de escobedo,21.6167,-98.6333,291.88,58,100,1.19,MX,1702323915
107,villa dolores,-31.9459,-65.1896,308.25,24,3,7.85,AR,1702323916
108,malvan,16.0667,73.4667,298.52,69,44,3.75,IN,1702323916
109,puerto ayora,-0.7393,-90.3518,301.13,78,78,3.84,EC,1702323916
110,kingscliff,-28.2667,153.5667,295.24,94,100,0.0,AU,1702323916
111,anadyr,64.75,177.4833,247.59,75,0,4.0,RU,1702323916
112,saipan,15.1355,145.701,300.54,83,40,4.63,MP,1702323728
113,villa berthet,-27.2917,-60.4126,305.55,31,0,5.0,AR,1702323917
114,avarua,-21.2078,-159.775,299.18,83,100,10.8,CK,1702323917
115,karaton,-6.3424,106.1045,296.44,91,83,2.14,ID,1702323917
116,isangel,-19.55,169.2667,297.14,65,100,6.01,VU,1702323918
117,kenora,49.8167,-94.4337,266.69,100,100,6.69,CA,1702323918
118,fale old settlement,-9.3852,-171.2468,301.73,79,100,10.02,TK,1702323918
119,belle fourche,44.6714,-103.8522,281.66,42,98,6.85,US,1702323918
120,nadym,65.5333,72.5167,245.31,89,100,5.47,RU,1702323918
121,alofi,-19.0595,-169.9187,298.09,100,100,2.57,NU,1702323919
122,coquimbo,-29.9533,-71.3436,293.0,68,40,7.2,CL,1702323751
123,panguipulli,-39.6333,-72.3333,289.26,79,89,1.74,CL,1702323919
124,vel'sk,61.0701,42.0983,261.08,92,100,4.47,RU,1702323919
125,holualoa,19.6228,-155.9522,299.14,70,20,2.57,US,1702323919
126,badger,64.8,-147.5333,265.08,73,75,3.6,US,1702323920
127,aasiaat,68.7098,-52.8699,272.09,76,100,4.92,GL,1702323920
128,enewetak,11.3474,162.3373,300.76,79,15,9.55,MH,1702323920
129,lazaro cardenas,17.9583,-102.2,303.72,48,100,0.25,MX,1702323821
130,ribeira grande,38.5167,-28.7,288.37,72,20,2.57,PT,1702323702
131,severo-yeniseyskiy,60.3725,93.0408,232.91,100,84,0.45,RU,1702323920
132,castillos,-34.1667,-53.8333,294.89,68,50,5.5,UY,1702323921
133,turaif,31.6725,38.6637,288.29,67,75,8.23,SA,1702323921
134,casper,42.8666,-106.3131,279.71,42,40,7.2,US,1702323738
135,babayevo,59.3936,35.9371,265.72,94,100,4.6,RU,1702323921
136,tucuma,-0.1833,-50.05,302.3,68,100,4.23,BR,1702323859
137,mae hong son,19.3003,97.9685,295.26,90,15,0.25,TH,1702323921
138,sao gabriel da cachoeira,-0.1303,-67.0892,298.04,94,40,2.06,BR,1702323921
139,arsen'yev,44.1631,133.2733,257.66,73,100,2.13,RU,1702323922
140,yichang,30.7144,111.2847,279.25,75,96,0.99,CN,1702323922
141,creel,27.75,-107.6333,290.95,22,5,4.48,MX,1702323922
142,caluula,11.9661,50.7569,298.4,65,6,3.69,SO,1702323922
143,rabigh,22.7986,39.0349,300.82,71,100,3.53,SA,1702323922
144,kodiak,57.79,-152.4072,271.88,64,0,1.54,US,1702323923
145,viedma,-40.8135,-62.9967,304.78,29,100,9.98,AR,1702323667
146,inhambane,-23.865,35.3833,298.99,91,100,2.89,MZ,1702323859
147,timmins,48.4669,-81.3331,264.05,73,75,3.09,CA,1702323923
148,barah,13.7,30.3667,297.15,11,33,4.74,SD,1702323923
149,fonte boa,-2.4959,-66.2662,303.08,69,100,0.61,BR,1702323923
150,haiku-pauwela,20.9219,-156.3051,299.91,74,20,1.54,US,1702323923
151,taoudenni,22.6783,-3.9836,294.85,16,28,5.14,ML,1702323924
152,sao joao da barra,-21.6403,-41.0511,299.2,88,100,4.21,BR,1702323694
153,kayangel,8.0823,134.7173,301.53,76,46,6.43,PW,1702323924
154,minas de marcona,-15.2119,-75.1103,293.92,62,8,6.55,PE,1702323735
155,bamboo flat,11.7,92.7167,301.2,78,40,1.03,IN,1702323718
156,sabang,5.8933,95.3214,300.15,78,79,0.64,ID,1702323924
157,olonkinbyen,70.9221,-8.7187,273.1,98,100,7.4,SJ,1702323717
158,pathein,16.7833,94.7333,295.89,88,6,2.49,MM,1702323925
159,egersund,58.4513,5.9997,275.58,69,99,2.64,NO,1702323925
160,hasaki,35.7333,140.8333,284.42,92,100,3.69,JP,1702323714
161,dudinka,69.4058,86.1778,248.53,98,100,6.26,RU,1702323925
162,ascension,30.2169,-90.9001,289.32,33,0,0.0,US,1702323926
163,ancud,-41.8697,-73.8203,285.88,93,99,4.86,CL,1702323926
164,princeville,45.7668,-61.2985,288.96,90,100,10.29,CA,1702323926
165,atafu village,-8.5421,-172.5159,301.58,80,100,10.87,TK,1702323926
166,tual,-5.6667,132.75,302.1,76,100,5.86,ID,1702323926
167,tazovsky,67.4667,78.7,248.11,95,100,4.22,RU,1702323927
168,hamilton,39.1834,-84.5333,278.79,65,0,4.12,US,1702323655
169,uturoa,-16.7333,-151.4333,300.04,76,73,9.07,PF,1702323927
170,phan rang-thap cham,11.5667,108.9833,294.78,91,94,2.83,VN,1702323927
171,praia,14.9215,-23.5087,299.45,61,6,6.69,CV,1702323824
172,lihue,21.9789,-159.3672,298.92,84,75,3.09,US,1702323669
173,puerto baquerizo moreno,-0.9,-89.6,301.7,65,75,4.63,EC,1702323737
174,isafjordur,66.0755,-23.124,268.27,86,94,0.76,IS,1702323678
175,ormara,25.2088,64.6357,297.39,27,99,3.61,PK,1702323928
176,altay,47.8667,88.1167,264.64,96,100,1.36,CN,1702323708
177,izazi,-7.2,35.7333,297.45,73,100,1.3,TZ,1702323929
178,susanville,40.4163,-120.653,283.04,60,0,1.54,US,1702323929
179,acarau,-2.8856,-40.12,301.87,66,44,8.06,BR,1702323803
180,brisas de zicatela,15.8369,-97.0419,302.44,61,75,3.09,MX,1702323929
181,alice springs,-23.7,133.8833,283.9,76,0,2.06,AU,1702323930
182,fisterra,42.9049,-9.2629,290.79,95,100,11.73,ES,1702323930
183,qui nhon,13.7667,109.2333,295.58,90,25,2.7,VN,1702323930
184,tiksi,71.6872,128.8694,250.74,100,100,4.16,RU,1702323930
185,keflavik,64.0049,-22.5624,274.39,75,40,3.6,IS,1702323930
186,mediesu aurit,47.7833,23.15,277.47,84,68,3.5,RO,1702323931
187,el malah,35.3914,-1.0924,288.19,42,97,0.5,DZ,1702323931
188,petropavlovsk-kamchatsky,53.0452,158.6483,267.48,87,40,7.6,RU,1702323931
189,junin de los andes,-39.9504,-71.0694,286.9,50,34,7.25,AR,1702323931
190,bengkulu,-3.8004,102.2655,296.82,94,99,1.48,ID,1702323931
191,remire-montjoly,4.9167,-52.2667,304.17,66,0,6.17,GF,1702323932
192,bartlesville,36.7473,-95.9808,286.49,33,0,2.57,US,1702323932
193,martapura,-3.4167,114.85,300.2,94,75,1.03,ID,1702323932
194,swakopmund,-22.6833,14.5333,289.81,83,0,0.45,NA,1702323932
195,kuraymah,18.55,31.85,296.47,21,100,4.47,SD,1702323932
196,valparaiso,-33.0393,-71.6273,295.28,61,0,6.69,CL,1702323736
197,nar'yan-mar,67.6713,53.087,258.21,92,100,8.94,RU,1702323933
198,la passe,45.5549,-0.8967,287.28,94,100,6.13,FR,1702323933
199,nouadhibou,20.931,-17.0347,296.14,33,5,4.12,MR,1702323933
200,port mathurin,-19.6833,63.4167,299.29,75,100,3.32,MU,1702323933
201,west island,-12.1568,96.8225,298.14,83,87,2.57,CC,1702323933
202,boende,-0.2167,20.8667,295.64,97,100,1.02,CD,1702323933
203,mount pearl,47.5166,-52.7813,284.44,96,100,8.75,CA,1702323934
204,ghadamis,30.1337,9.5007,287.12,41,0,2.61,LY,1702323934
205,el calafate,-50.3408,-72.2768,285.22,48,100,5.34,AR,1702323934
206,khromtau,50.2503,58.4347,245.44,87,6,7.3,KZ,1702323934
207,guajara mirim,-10.7828,-65.3394,304.24,70,75,3.6,BR,1702323934
208,nueva gerona,21.8833,-82.8,298.85,73,99,8.1,CU,1702323934
209,sant lluis,39.8526,4.2594,285.37,94,0,2.06,ES,1702323935
210,daru,-9.0763,143.2092,297.64,92,57,3.34,PG,1702323935
211,bodo,67.28,14.405,268.17,74,0,9.26,NO,1702323935
212,waddan,29.1614,16.139,288.19,65,48,4.56,LY,1702323935
213,al kharj,24.155,47.3346,292.47,25,63,1.49,SA,1702323935
214,wenling,28.3669,121.36,284.88,78,100,6.14,CN,1702323935
215,romanovskaya,47.5426,42.0285,273.71,81,100,8.49,RU,1702323936
216,kalmunai,7.4167,81.8167,298.1,91,96,2.8,LK,1702323936
217,geraldton,-28.7667,114.6,293.38,37,0,4.12,AU,1702323707
218,semera,11.501,41.201,296.23,56,8,6.11,ET,1702323936
219,flin flon,54.7682,-101.865,264.06,62,100,9.77,CA,1702323936
220,yaring,6.8662,101.3689,299.04,85,68,3.6,TH,1702323936
221,greenville,35.6127,-77.3663,281.56,63,100,2.57,US,1702323648
222,bloemfontein,-29.1211,26.214,287.86,82,0,1.03,ZA,1702323937
223,minot air force base,48.4209,-101.3391,272.25,68,0,14.4,US,1702323876
224,ghanzi,-21.5667,21.7833,301.47,26,90,2.97,BW,1702323937
225,ugleural'skiy,58.9534,57.5846,238.45,97,99,1.93,RU,1702323937
226,lincoln,40.8,-96.667,283.8,48,0,2.57,US,1702323704
227,ruidoso,33.3317,-105.673,289.85,16,0,4.63,US,1702323938
228,pacific grove,36.6177,-121.9166,290.87,49,0,4.47,US,1702323660
229,lompoc,34.6391,-120.4579,298.11,58,0,6.26,US,1702323938
230,ocean city,39.2776,-74.5746,281.47,68,21,3.58,US,1702323807
231,knyaze-volkonskoye,48.4642,135.4567,249.34,94,6,3.78,RU,1702323938
232,champerico,14.3,-91.9167,308.45,64,3,2.87,GT,1702323938
233,rockport,28.0206,-97.0544,293.17,53,0,4.63,US,1702323938
234,laguna,38.421,-121.4238,288.71,65,0,2.57,US,1702323938
235,iskateley,67.6803,53.1512,258.16,92,100,8.94,RU,1702323939
236,lawas,13.764,121.0566,298.7,92,62,2.05,PH,1702323939
237,santo antonio,-6.3106,-35.4789,301.98,53,0,7.2,BR,1702323939
238,khandyga,62.6667,135.6,239.49,99,100,0.48,RU,1702323939
239,dubbo,-32.25,148.6167,295.22,68,0,8.23,AU,1702323939
240,xiaoweizhai,26.1903,107.5125,281.51,91,100,3.0,CN,1702323939
241,conceicao da barra,-18.5933,-39.7322,300.71,65,40,6.7,BR,1702323940
242,port alfred,-33.5906,26.891,292.69,92,5,2.98,ZA,1702323713
243,vila franca do campo,37.7167,-25.4333,288.38,82,99,2.97,PT,1702323940
244,argo,37.6333,22.7333,283.56,81,25,1.15,GR,1702323940
245,desaguadero,-16.5656,-69.0417,286.65,53,100,3.71,PE,1702323940
246,namibe,-15.1961,12.1522,295.63,69,39,2.35,AO,1702323940
247,tshikapa,-6.4167,20.8,295.0,98,99,1.14,CD,1702323940
248,marsabit,2.3284,37.9899,294.84,56,100,4.52,KE,1702323941
249,la ronge,55.1001,-105.2842,263.29,57,40,11.32,CA,1702323941
250,talara,-4.5772,-81.2719,301.57,57,0,3.09,PE,1702323941
251,santo antonio do ica,-3.1022,-67.9397,302.5,82,85,0.88,BR,1702323941
252,kudymkar,59.0173,54.656,243.51,92,99,2.85,RU,1702323941
253,basford,52.9667,-1.1833,281.12,84,75,2.57,GB,1702323942
254,rabo de peixe,37.8,-25.5833,287.88,82,40,3.6,PT,1702323942
255,taltal,-25.4,-70.4833,294.18,61,30,2.58,CL,1702323704
256,lamu,-2.2717,40.902,299.58,88,100,3.67,KE,1702323942
257,dabrowa bialostocka,53.6536,23.3479,275.01,99,100,5.66,PL,1702323942
258,tabora,-5.0167,32.8,293.03,94,75,0.0,TZ,1702323942
259,tevriz,57.509,72.4042,241.41,98,6,1.64,RU,1702323942
260,lethem,3.3803,-59.7968,310.05,30,65,4.9,GY,1702323943
261,port augusta,-32.5,137.7667,291.97,59,50,2.05,AU,1702323943
262,roxas,11.5853,122.7511,297.12,87,96,3.81,PH,1702323943
263,burutu,5.3509,5.5076,300.87,75,92,2.46,NG,1702323943
264,dezhou,37.4486,116.2925,270.59,87,100,1.3,CN,1702323943
265,nelson bay,-32.7167,152.15,294.82,97,4,1.79,AU,1702323944
266,nadi,-17.8,177.4167,296.15,73,20,2.57,FJ,1702323944
267,mhamid,29.82,-5.72,291.07,31,26,2.65,MA,1702323944
268,mweka,-4.85,21.5667,294.06,98,92,0.68,CD,1702323944
269,plettenberg bay,-34.0527,23.3716,289.27,85,0,2.56,ZA,1702323944
270,sinop,41.7711,34.8709,280.56,80,97,1.79,TR,1702323944
271,gardez,33.5974,69.2259,273.05,43,0,1.6,AF,1702323945
272,barbezieux-saint-hilaire,45.4726,-0.1522,287.3,94,100,5.06,FR,1702323945
273,kingston,17.997,-76.7936,304.4,67,20,7.72,JM,1702323731
274,ambodifotatra,-16.9833,49.85,299.45,82,3,1.76,MG,1702323945
275,westport,41.1415,-73.3579,279.9,64,100,7.72,US,1702323945
276,saint-francois,46.4154,3.9054,286.84,80,100,7.2,FR,1702323945
277,hithadhoo,-0.6,73.0833,301.18,75,18,2.29,MV,1702323945
278,toliara,-23.35,43.6667,299.71,69,99,3.48,MG,1702323946
279,sengkang,-4.1279,120.0297,297.85,92,100,1.11,ID,1702323946
280,arteche,12.2645,125.4048,298.53,90,78,2.68,PH,1702323946
281,papao,-17.75,-149.55,301.97,81,90,11.0,PF,1702323946
282,shilka,51.85,116.0333,239.47,100,31,0.68,RU,1702323946
283,arvayheer,46.2639,102.775,258.43,98,100,1.84,MN,1702323946
284,volcan,8.7667,-82.6333,297.21,62,99,0.45,PA,1702323688
285,pangai,-19.8,-174.35,299.21,65,20,3.6,TO,1702323947
286,onega,63.9061,38.1404,260.35,93,100,3.62,RU,1702323947
287,peniche,39.3558,-9.3811,291.64,93,100,6.12,PT,1702323704
288,antofagasta,-23.65,-70.4,293.75,65,100,3.88,CL,1702323947
289,ponta delgada,37.7333,-25.6667,288.55,82,40,3.6,PT,1702323947
290,suva,-18.1416,178.4415,295.86,88,20,2.06,FJ,1702323947
291,bonthe,7.5264,-12.505,300.32,79,7,2.62,SL,1702323948
292,myshkin,57.7897,38.4545,264.87,94,100,6.08,RU,1702323948
293,rio san juan,19.6439,-70.0763,302.13,79,13,6.81,DO,1702323948
294,tura,25.5198,90.2201,288.34,87,0,1.56,IN,1702323706
295,cafayate,-26.073,-65.9761,301.58,42,3,5.29,AR,1702323948
296,dwarka,22.2394,68.9678,295.74,56,100,3.8,IN,1702323948
297,olyokminsk,60.3736,120.4264,245.5,95,100,2.14,RU,1702323721
298,mejit,10.2753,170.8646,300.39,68,14,8.72,MH,1702323949
299,arraial do cabo,-22.9661,-42.0278,297.13,88,100,5.66,BR,1702323949
300,saint-pierre,-21.3393,55.4781,297.97,73,0,6.69,RE,1702323727
301,marmaris,36.855,28.2742,287.65,77,88,1.02,TR,1702323949
302,pudozh,61.8099,36.5345,262.56,92,100,3.13,RU,1702323949
303,zorritos,-3.6805,-80.6782,302.31,73,26,4.34,PE,1702323951
304,jatai,-17.8814,-51.7144,298.81,71,100,3.87,BR,1702323951
305,gole,52.1665,20.4937,278.44,87,100,4.67,PL,1702323951
306,aldama,22.9167,-98.0667,293.98,44,100,3.6,MX,1702323951
307,sydney,-33.8679,151.2073,295.76,86,75,2.57,AU,1702323830
308,kalevala,65.2,31.1667,253.2,100,100,1.34,RU,1702323951
309,mahina,-17.5065,-149.489,302.02,65,20,2.06,PF,1702323952
310,black point,-34.6187,137.8972,292.0,82,100,6.46,AU,1702323952
311,mar del plata,-38.0023,-57.5575,302.5,79,0,14.31,AR,1702323712
312,kas,36.2018,29.6377,287.49,79,55,1.54,TR,1702323952
313,tadine,-21.55,167.8833,296.42,67,100,6.61,NC,1702323952
314,smiths station,32.5401,-85.0985,285.49,35,0,3.09,US,1702323892
315,winona,43.9666,-91.7668,271.17,69,100,2.57,US,1702323953
316,gangneung,37.7556,128.8961,277.46,96,100,5.68,KR,1702323953
317,astrakhan,46.3497,48.0408,267.08,67,0,11.18,RU,1702323816
318,fray luis beltran,-39.3167,-65.7667,307.87,13,23,10.12,AR,1702323953
319,tulun,54.5611,100.5792,235.44,100,26,0.31,RU,1702323954
320,ciudad guayana,8.3533,-62.6528,307.0,42,81,4.37,VE,1702323954
321,khorugh,37.4897,71.553,273.66,93,100,3.6,TJ,1702323954
322,niquero,20.0431,-77.5828,301.85,68,93,1.18,CU,1702323954
323,inirida,3.8653,-67.9239,305.44,55,90,0.72,CO,1702323954
324,safotu,-13.4513,-172.4018,300.04,90,77,3.42,WS,1702323954
325,belogradchik,43.6272,22.6836,274.89,67,100,1.92,BG,1702323731
326,tsiombe,-25.3,45.4833,297.69,92,72,1.29,MG,1702323955
327,gamay,12.3854,125.2979,298.28,92,83,2.43,PH,1702323955
328,kibakwe,-6.7167,36.3667,292.71,89,100,1.7,TZ,1702323955
329,haimen,23.1935,116.6142,293.09,85,1,1.71,CN,1702323955
330,eket,4.6412,7.9209,299.95,82,98,3.46,NG,1702323955
331,galliano,29.4422,-90.2992,288.71,31,0,3.09,US,1702323956
332,nabire,-3.3667,135.4833,297.38,95,99,1.68,ID,1702323956
333,nanlong,31.3533,106.0631,282.38,79,0,1.94,CN,1702323956
334,safi,32.1667,-8.8333,291.13,57,35,1.5,MA,1702323956
335,vorgashor,67.5833,63.95,252.43,94,100,5.06,RU,1702323956
336,hobyo,5.3505,48.5268,299.83,79,95,7.6,SO,1702323956
337,kokpekty,48.75,82.4,256.66,93,100,5.26,KZ,1702323956
338,aksu,41.1231,80.2644,270.57,61,98,0.92,CN,1702323957
339,bodaybo,57.8506,114.1933,244.85,99,100,0.4,RU,1702323957
340,klaeng,12.7797,101.6483,299.23,86,68,0.88,TH,1702323957
341,utrik,11.2278,169.8474,300.27,72,15,9.54,MH,1702323957
342,luderitz,-26.6481,15.1594,292.98,58,0,9.54,NA,1702323957
343,katima mulilo,-17.5,24.2667,296.94,53,19,2.34,NA,1702323957
344,kinchil,20.9167,-89.95,298.18,55,100,4.19,MX,1702323958
345,muroto-misakicho,33.2833,134.15,291.98,92,99,4.66,JP,1702323958
346,sungho 1-tong,38.9914,125.9778,273.53,81,100,2.68,KP,1702323958
347,winnemucca,40.973,-117.7357,277.18,48,0,1.54,US,1702323958
348,borogontsy,62.6683,131.1683,234.29,100,100,1.03,RU,1702323958
349,port lincoln,-34.7333,135.8667,290.12,82,85,2.69,AU,1702323958
350,kula,38.5473,28.6498,280.38,87,33,1.05,TR,1702323958
351,zeliezovce,48.0508,18.6542,273.41,100,92,0.89,SK,1702323959
352,ponnani,10.767,75.9252,297.77,88,93,2.27,IN,1702323959
353,pimentel,-6.8367,-79.9342,298.31,61,0,7.72,PE,1702323959
354,chernomorskoye,45.5039,32.6997,281.32,92,100,4.05,UA,1702323959
355,victoria,22.2855,114.1577,297.01,89,0,0.45,HK,1702323740
356,ixtapa,20.7,-105.2,301.72,54,75,3.09,MX,1702323959
357,guiuan,11.0333,125.7247,301.09,78,63,3.88,PH,1702323960
358,buguma,4.7341,6.8635,300.34,77,44,2.61,NG,1702323960
359,villa gesell,-37.2639,-56.973,296.51,64,100,8.61,AR,1702323724
360,murghob,38.1702,73.9667,259.5,72,18,3.35,TJ,1702323960
361,yarmouth,41.7057,-70.2286,281.23,81,100,10.73,US,1702323960
362,labuan,5.2767,115.2417,300.35,89,20,0.0,MY,1702323960
363,codrington,-38.2667,141.9667,290.44,93,100,5.54,AU,1702323960
364,east ballina,-28.8667,153.5833,290.82,79,71,1.06,AU,1702323961
365,gelemso,8.8167,40.5167,289.87,38,29,1.11,ET,1702323961
366,ulladulla,-35.35,150.4667,295.24,94,95,2.41,AU,1702323961
367,northam,51.0333,-4.2167,285.74,95,21,6.52,GB,1702323961
368,tanjung pandan,-2.75,107.65,299.26,85,100,1.48,ID,1702323961
369,puerto leguizamo,-0.1934,-74.7819,304.85,57,77,0.88,CO,1702323961
370,freetown,8.484,-13.2299,302.99,74,20,3.09,SL,1702323961
371,petawawa,45.9001,-77.3328,269.14,73,75,4.63,CA,1702323962
372,bode saadu,8.9333,4.7833,299.92,24,6,1.47,NG,1702323962
373,mukalla,14.5425,49.1242,296.6,68,13,0.67,YE,1702323962
374,iringa,-7.7667,35.7,292.77,78,20,0.0,TZ,1702323962
375,tessaoua,13.7574,7.9874,291.54,29,0,5.35,NE,1702323962
376,lata,40.1629,-8.3327,290.27,91,100,1.95,PT,1702323963
377,acopiara,-6.0953,-39.4525,307.55,24,69,3.22,BR,1702323963
378,saldanha,-33.0117,17.9442,291.18,90,12,5.98,ZA,1702323963
379,cruzeiro do sul,-29.5128,-51.9853,302.86,61,1,2.38,BR,1702323963
380,flying fish cove,-10.4217,105.6791,296.97,88,40,2.57,CX,1702323963
381,constantia,44.1833,28.65,276.53,82,10,3.8,RO,1702323846
382,formosa do rio preto,-11.0483,-45.1931,303.77,36,98,0.36,BR,1702323964
383,kamuli,0.9472,33.1197,292.36,88,65,1.3,UG,1702323964
384,itacare,-14.2775,-38.9967,300.41,70,56,3.8,BR,1702323964
385,pierre,44.3683,-100.351,281.66,57,75,7.2,US,1702323964
386,kudahuvadhoo,2.6708,72.8944,301.39,73,28,2.64,MV,1702323964
387,brookings,44.3114,-96.7984,278.4,63,0,5.14,US,1702323886
388,santarem,-2.4431,-54.7083,307.22,52,20,4.12,BR,1702323965
389,impfondo,1.6381,18.0667,298.79,73,100,0.23,CG,1702323965
390,kolyvan',55.3053,82.7391,244.03,91,6,5.74,RU,1702323965
391,charters towers,-20.1,146.2667,295.96,86,100,6.28,AU,1702323965
392,sitka,57.0531,-135.33,280.09,76,100,6.17,US,1702323965
393,as sulayyil,20.4607,45.5779,289.29,25,30,2.81,SA,1702323966
394,itoman,26.1247,127.6694,296.58,100,75,9.26,JP,1702323966
395,san andres,12.5847,-81.7006,303.16,79,20,4.63,CO,1702323721
396,port shepstone,-30.7414,30.455,293.5,88,100,2.78,ZA,1702323966
397,nyurba,63.2842,118.3319,242.89,99,99,2.3,RU,1702323966
398,sinabang,2.4803,96.3801,298.78,84,96,0.97,ID,1702323701
399,ghat,24.9647,10.1728,286.86,35,0,1.89,LY,1702323967
400,yorkton,51.2167,-102.4677,269.06,63,75,13.89,CA,1702323901
401,deqen,29.9618,90.7188,264.31,72,72,1.05,CN,1702323967
402,folkston,30.8305,-82.0098,288.07,48,0,0.45,US,1702323967
403,kastsyukowka,52.5387,30.9173,273.62,93,100,5.0,BY,1702323967
404,hukumati azrah,34.1736,69.6457,274.88,32,4,1.66,AF,1702323967
405,vanimo,-2.6741,141.3028,298.83,91,97,3.04,PG,1702323968
406,vilyuchinsk,52.9306,158.4028,268.3,85,12,3.51,RU,1702323968
407,kapa'a,22.0752,-159.319,299.33,88,75,3.09,US,1702323735
408,puerto armuelles,8.2833,-82.8667,306.14,72,100,0.45,PA,1702323968
409,basco,20.4487,121.9702,299.32,79,26,5.49,PH,1702323968
410,praia da vitoria,38.7333,-27.0667,287.46,88,20,5.47,PT,1702323968
411,lerwick,60.1545,-1.1494,277.15,72,100,3.95,GB,1702323738
412,natal,-5.795,-35.2094,302.51,70,40,6.17,BR,1702323784
413,pyu,18.4833,96.4333,295.11,96,5,1.92,MM,1702323969
414,jianshui,23.6363,102.8264,285.88,89,99,0.2,CN,1702323969
415,alaghsas,17.0187,8.0168,292.55,34,0,10.1,NE,1702323969
416,gaspe,48.8334,-64.4819,277.1,100,100,2.57,CA,1702323969
417,cativa,9.3606,-79.8436,301.16,85,58,3.28,PA,1702323969
418,harrismith,-28.2728,29.1295,283.42,94,100,2.13,ZA,1702323969
419,vila velha,-20.3297,-40.2925,302.12,80,40,6.17,BR,1702323760
420,dalhart,36.0595,-102.5133,285.09,25,0,2.57,US,1702323970
421,nema,57.5067,50.5011,250.32,88,96,4.7,RU,1702323970
422,san sebastian de la gomera,28.0916,-17.1133,295.35,68,0,3.6,ES,1702323970
423,ornskoldsvik,63.2909,18.7153,267.68,93,100,2.06,SE,1702323970
424,pisco,-13.7,-76.2167,297.18,64,0,3.6,PE,1702323970
425,nantucket,41.2835,-70.0995,281.23,76,100,8.23,US,1702323684
426,santa cruz,-17.8,-63.1667,308.18,46,40,3.6,BO,1702323971
427,sao vicente,-23.9631,-46.3919,300.25,56,100,2.06,BR,1702323971
428,dabakala,8.3667,-4.4333,301.53,34,23,0.5,CI,1702323971
429,charikar,35.0136,69.1714,278.31,34,19,3.83,AF,1702323971
430,meadow lakes,61.6247,-149.6011,276.84,84,100,3.6,US,1702323972
431,santana,-0.0583,-51.1817,306.25,58,20,7.2,BR,1702323972
432,sangkhla buri,15.1555,98.4536,295.07,92,15,0.68,TH,1702323972
433,salalah,17.0151,54.0924,296.2,43,0,2.57,OM,1702323733
434,nago,26.5881,127.9761,296.62,91,90,5.97,JP,1702323972
435,mount isa,-20.7333,139.5,298.02,36,0,7.72,AU,1702323973
436,mysen,59.5535,11.3258,272.76,94,98,3.47,NO,1702323973
437,beruniy,41.6911,60.7525,259.13,51,0,7.2,UZ,1702323973
438,nuuk,64.1835,-51.7216,275.49,75,100,20.58,GL,1702323973
439,salahonda,2.1019,-78.7217,299.75,84,87,5.12,CO,1702323974
440,cradock,-32.1642,25.6192,292.13,67,6,1.26,ZA,1702323974
441,conde,-7.2597,-34.9075,302.85,62,75,5.66,BR,1702323824
442,zambezi,-13.5432,23.1047,293.22,89,87,2.77,ZM,1702323975
443,n'dalatando,-9.2978,14.9116,292.23,97,96,0.8,AO,1702323975
444,sechura,-5.5569,-80.8222,299.9,59,16,6.63,PE,1702323975
445,priozersk,61.0393,30.1291,269.32,78,100,3.31,RU,1702323975
446,les avirons,-21.2418,55.3394,296.2,73,0,6.69,RE,1702323975
447,torbat-e jam,35.244,60.6225,280.18,78,0,0.28,IR,1702323976
448,jijiga,9.35,42.8,289.28,60,32,2.01,ET,1702323976
449,kirensk,57.7853,108.1119,240.35,99,98,0.45,RU,1702323976
450,nicolet,46.2168,-72.6158,275.05,94,100,3.09,CA,1702323976
451,midelt,32.6852,-4.7451,288.58,34,95,1.01,MA,1702323976
452,vushtrri,42.8231,20.9675,275.05,87,100,0.59,XK,1702323977
453,mana,5.6592,-53.7767,301.43,76,97,4.32,GF,1702323726
454,san julian,21.0167,-102.1667,282.29,90,100,2.14,MX,1702323977
455,dergachi,51.2328,48.7659,260.91,49,100,8.51,RU,1702323977
456,markovo,57.3206,107.0881,239.78,100,94,0.58,RU,1702323977
457,xianning,29.8833,114.2167,277.16,78,100,2.44,CN,1702323978
458,koror town,7.3426,134.4789,299.33,89,75,1.54,PW,1702323978
459,tokar,18.4254,37.729,300.15,73,100,3.13,SD,1702323978
460,elva,58.2225,26.4211,270.23,86,100,4.12,EE,1702323978
461,yartsevo,55.0667,32.6964,270.3,96,100,4.28,RU,1702323978
462,veraval,20.9,70.3667,295.46,36,81,4.16,IN,1702323979
463,arawa,-6.2132,155.5367,298.65,90,98,1.18,PG,1702323979
464,kutloanong,-27.8333,26.75,285.66,84,2,4.22,ZA,1702323979
465,kralendijk,12.15,-68.2667,301.14,83,75,7.2,BQ,1702323979
466,orchard homes,46.8633,-114.0484,277.75,96,100,1.34,US,1702323979
467,puchezh,56.9788,43.1676,262.54,91,100,9.58,RU,1702323979
468,irymple,-34.25,142.1667,299.32,54,61,0.53,AU,1702323980
469,inarajan village,13.2736,144.7484,300.23,94,86,6.09,GU,1702323980
470,hermansverk,61.1846,6.8502,272.4,80,75,2.06,NO,1702323980
471,mersa matruh,31.3525,27.2453,288.26,82,40,0.0,EG,1702323980
472,fort saskatchewan,53.7168,-113.2187,270.38,55,100,2.06,CA,1702323980
473,kone,-21.0595,164.8658,296.99,67,61,1.49,NC,1702323981
474,sorada,19.75,84.4333,290.4,71,0,1.11,IN,1702323981
475,novoishimskiy,53.1981,66.7694,243.49,96,59,4.01,KZ,1702323981
476,zongolica,18.6667,-96.9833,288.05,95,100,1.7,MX,1702323981
477,san patricio,28.017,-97.5169,293.55,27,100,3.36,US,1702323981
478,gien,47.6933,2.6309,285.1,93,100,4.64,FR,1702323981
479,nogliki,51.8333,143.1667,253.34,86,14,5.81,RU,1702323711
480,prado,-17.3411,-39.2208,299.67,76,86,6.37,BR,1702323982
481,tashla,51.7716,52.7427,254.66,61,67,7.34,RU,1702323982
482,tutong,4.8,114.65,299.2,92,16,1.39,BN,1702323982
483,krasnovishersk,60.4078,57.082,246.75,87,100,3.16,RU,1702323982
484,maitum,6.0392,124.4986,298.31,85,5,1.47,PH,1702323983
485,dryden,49.7833,-92.7503,266.31,93,100,6.17,CA,1702323983
486,novo aripuana,-5.1206,-60.3797,301.92,71,94,2.11,BR,1702323983
487,wewak,-3.5534,143.6268,298.67,90,99,2.49,PG,1702323983
488,swift current,50.2834,-107.8014,269.6,54,0,10.8,CA,1702323984
489,kavieng,-2.5744,150.7967,301.14,80,94,3.21,PG,1702323984
490,luau,-10.7073,22.2247,292.17,96,71,1.31,AO,1702323984
491,oranjemund,-28.55,16.4333,289.7,91,0,6.24,NA,1702323985
492,kavali,14.9167,79.9833,296.68,77,100,1.84,IN,1702323985
493,val-d'or,48.1002,-77.7828,265.2,73,100,5.14,CA,1702323986
494,emerald,-23.5333,148.1667,296.67,68,94,6.47,AU,1702323763
495,fomboni,-12.28,43.7425,301.53,74,32,6.03,KM,1702323986
496,newman,37.3138,-121.0208,286.61,36,93,1.34,US,1702323986
497,kruisfontein,-34.0033,24.7314,290.86,88,0,2.11,ZA,1702323717
498,kayar,14.9192,-17.1211,299.68,64,0,5.08,SN,1702323987
499,naracoorte,-36.9579,140.7383,291.32,81,65,3.25,AU,1702323987
500,suda,59.1525,37.5582,264.21,94,100,6.31,RU,1702323988
501,page,36.9147,-111.4558,277.65,38,0,2.68,US,1702323720
502,bayganin,48.6947,55.8742,251.72,63,0,8.54,KZ,1702323988
503,leava,-14.3,-178.1667,299.6,62,54,2.48,WF,1702323989
504,khovd,48.0056,91.6419,255.84,81,100,0.29,MN,1702323989
505,necochea,-38.5473,-58.7368,301.5,31,22,8.6,AR,1702323989
506,puerto ayacucho,5.6639,-67.6236,306.86,49,76,1.56,VE,1702323990
507,borgarnes,64.5383,-21.9206,273.18,95,32,1.93,IS,1702323990
508,akureyri,65.6835,-18.0878,267.11,93,20,1.54,IS,1702323990
509,kamakhyanagar,20.9333,85.55,289.21,60,0,0.19,IN,1702323990
510,kununurra,-15.7667,128.7333,301.14,83,100,0.0,AU,1702323879
511,trincomalee,8.5711,81.2335,299.96,81,98,6.93,LK,1702323991
512,berezovyy,51.6667,135.7,248.64,70,0,2.61,RU,1702323991
513,pama,11.2497,0.7075,300.21,14,58,2.95,BF,1702323992
514,calabozo,8.9242,-67.4293,307.75,36,90,2.94,VE,1702323992
515,port-gentil,-0.7193,8.7815,300.32,79,99,4.51,GA,1702323992
516,laurel,39.0993,-76.8483,281.69,60,40,6.69,US,1702323901
517,touros,-5.1989,-35.4608,300.76,69,0,6.16,BR,1702323993
518,arvika,59.6553,12.5852,272.49,92,100,3.38,SE,1702323993
519,kayenta,36.7278,-110.2546,278.85,25,98,1.71,US,1702323993
520,kota tinggi,1.7381,103.8999,299.28,97,98,1.85,MY,1702323994
521,grand falls-windsor,48.9332,-55.6649,286.76,87,100,3.58,CA,1702323994
522,aykhal,66.0,111.5,245.98,99,100,2.15,RU,1702323994
523,gouyave,12.1646,-61.7296,302.58,74,20,5.66,GD,1702323994
524,san juan de miraflores,-12.1629,-76.9635,295.44,73,53,4.41,PE,1702323994
525,victoria falls,-17.9235,25.843,296.53,63,93,1.18,ZW,1702323994
526,altai,46.3722,96.2583,258.03,84,47,1.2,MN,1702323995
527,taksimo,56.3444,114.8794,239.73,95,71,0.24,RU,1702323995
528,cannonvale,-20.2833,148.7,298.81,89,48,10.02,AU,1702323995
529,antsiranana,-12.2787,49.2917,299.28,82,30,5.31,MG,1702323995
530,luanda,-8.8368,13.2343,300.15,79,20,2.57,AO,1702323805
531,huicungo,-7.2833,-76.8,307.29,59,40,0.0,PE,1702323996
532,haiphong,20.8561,106.6822,296.1,94,100,2.06,VN,1702323996
533,pangody,65.85,74.4859,246.77,90,100,5.49,RU,1702323996
534,mount gambier,-37.8333,140.7667,290.47,83,67,3.21,AU,1702323996
535,cholpon-ata,42.6494,77.0823,269.18,75,100,2.61,KG,1702323996
536,cill airne,52.05,-9.5167,281.2,95,100,2.55,IE,1702323997
537,arkhangel'sk,64.5401,40.5433,258.22,84,40,2.0,RU,1702323997
538,naguabo,18.2116,-65.7349,302.54,79,0,5.66,PR,1702323997
539,rikaze,29.25,88.8833,269.72,51,43,1.13,CN,1702323997
540,tvoroyri,61.5556,-6.8111,280.63,80,98,5.29,FO,1702323997
541,tazacorte,28.629,-17.9293,295.45,50,0,3.09,ES,1702323998
542,trairi,-3.2778,-39.2689,301.46,68,25,5.83,BR,1702323830
543,ilha de mocambique,-15.0342,40.7358,300.95,83,100,5.71,MZ,1702323998
544,osterburken,49.4306,9.4239,283.42,88,21,5.89,DE,1702323998
545,shimoda,34.6667,138.95,285.43,95,100,4.48,JP,1702323999
546,callao,-12.0667,-77.15,296.31,68,20,5.66,PE,1702323999
547,woodward,36.4337,-99.3904,289.72,21,0,0.0,US,1702323999
548,midvagur,62.0511,-7.1939,276.61,93,100,3.09,FO,1702323999
549,bel ombre,-4.6167,55.4167,299.06,89,20,2.06,SC,1702323999
550,patacamaya,-17.2333,-67.9167,287.12,51,100,4.12,BO,1702323999
551,igarka,67.4667,86.5833,249.1,99,100,3.61,RU,1702324000
552,gemert,51.559,5.6865,282.78,93,100,5.14,NL,1702324000
553,nagqu,31.5,92.0,256.85,49,74,1.57,CN,1702323723
554,porto novo,6.4965,2.6036,302.05,77,90,2.97,BJ,1702324000
555,randazzo,37.8774,14.9501,285.21,45,10,1.86,IT,1702324000
556,barabai,-2.5833,115.3833,296.93,93,86,0.26,ID,1702324000
557,vernon,50.2581,-119.2691,277.38,91,79,0.0,CA,1702324001
558,de aar,-30.6497,24.0123,292.65,52,4,2.18,ZA,1702324001
559,la palma,33.8464,-118.0467,298.02,53,75,1.54,US,1702324001
560,fortuna,40.5982,-124.1573,290.33,77,0,1.34,US,1702324001
561,maintirano,-18.0667,44.0167,301.67,78,73,2.43,MG,1702324001
